{"Test accuracy": 0.4758, "_timestamp": 1698399731.7574306, "_runtime": 478.8865716457367, "_step": 9, "_wandb": {"runtime": 478}}