{"Test accuracy": 0.5986, "_timestamp": 1699630128.5641658, "_runtime": 712.2086877822876, "_step": 9, "_wandb": {"runtime": 711}}