{"Test accuracy": 0.85835, "_timestamp": 1698364778.867592, "_runtime": 404.88643503189087, "_step": 9, "_wandb": {"runtime": 404}}