{"Test accuracy": 0.79425, "_timestamp": 1699635499.2905762, "_runtime": 657.6208212375641, "_step": 9, "_wandb": {"runtime": 657}}