{"Epoch": 3, "Average": 14.887929916381836, "_timestamp": 1699483834.0701702, "_runtime": 4.687488079071045, "_step": 11, "Minimum": 0.012061085551977158, "Maximum": 47101.96484375, "_wandb": {"runtime": 4}}