{"Epoch": 1, "Train loss": 26161.013671875, "_timestamp": 1707175459.7415092, "_runtime": 3714.540761232376, "_step": 0, "_wandb": {"runtime": 3715}}