{"Test accuracy": 0.9079, "_timestamp": 1699626019.7623253, "_runtime": 736.9483182430267, "_step": 9, "_wandb": {"runtime": 736}}