{"Epoch": 1, "Train loss": 33.43769454956055, "_timestamp": 1707712498.840654, "_runtime": 178.6660828590393, "_step": 1, "Val accuracy": 0.5}