{"Epoch": 3, "Train loss": 641.7290649414062, "_timestamp": 1702191779.0080237, "_runtime": 3396.564406633377, "_step": 5, "Val accuracy": 0.5}