{"Epoch": 5, "Train loss": 22640.708984375, "_timestamp": 1707226976.3110814, "_runtime": 26953.088020324707, "_step": 9, "Val accuracy": 0.8223}