{"Epoch": 1, "Train loss": 24177.15234375, "_timestamp": 1707177336.371298, "_runtime": 1213.2380080223083, "_step": 1, "Val accuracy": 0.9632, "_wandb": {"runtime": 1212}}