{"Test accuracy": 0.46605, "_timestamp": 1699621912.0998282, "_runtime": 834.6670002937317, "_step": 9, "_wandb": {"runtime": 834}}