{"Epoch": 2, "Train loss": 1122.823974609375, "_timestamp": 1702266617.1093292, "_runtime": 665.1297221183777, "_step": 3, "Val accuracy": 0.8775, "_wandb": {"runtime": 709}}