{"Test accuracy": 0.51685, "_timestamp": 1700118201.189886, "_runtime": 621.6708831787109, "_step": 9, "_wandb": {"runtime": 621}}