{"Test accuracy": 0.5164, "_timestamp": 1699606326.6167881, "_runtime": 1311.1126391887665, "_step": 9, "_wandb": {"runtime": 1310}}