{"Epoch": 4, "Train loss": 23.975406646728516, "_timestamp": 1699612412.1018252, "_runtime": 1628.6413073539734, "_step": 8, "Val accuracy": 0.999, "Test accuracy": 0.9978, "_wandb": {"runtime": 1628}}