{"Test accuracy": 0.507, "_timestamp": 1698375965.4316103, "_runtime": 414.94383239746094, "_step": 9, "_wandb": {"runtime": 414}}