{"Epoch": 5, "Train loss": 22567.73828125, "_timestamp": 1707248024.55117, "_runtime": 15690.559490203857, "_step": 9, "Val accuracy": 0.8206, "_wandb": {"runtime": 16779}}