{"Test accuracy": 0.7668, "_timestamp": 1698411213.7543833, "_runtime": 476.38866543769836, "_step": 9, "_wandb": {"runtime": 476}}