{"Epoch": 3, "Train loss": 141.21983337402344, "_timestamp": 1707718240.158719, "_runtime": 5213.341568946838, "_step": 5, "Val accuracy": 0.5}