{"Dataset": "StyleGAN", "Test accuracy": 0.98335, "_timestamp": 1698362916.2682312, "_runtime": 607.8245511054993, "_step": 9, "_wandb": {"runtime": 675}}