{"Epoch": 1, "Train loss": 765.603759765625, "_timestamp": 1698214822.0549226, "_runtime": 284.88727355003357, "_step": 0, "_wandb": {"runtime": 284}}