{"Test accuracy": 0.54175, "_timestamp": 1698392997.5905411, "_runtime": 437.95520210266113, "_step": 9, "_wandb": {"runtime": 437}}