{"Test accuracy": 0.60425, "_timestamp": 1698408131.2088976, "_runtime": 516.8122856616974, "_step": 9, "_wandb": {"runtime": 516}}