{"Test accuracy": 0.8618, "_timestamp": 1698403594.7726424, "_runtime": 485.86317443847656, "_step": 9, "_wandb": {"runtime": 485}}