{"Test accuracy": 0.46695, "_timestamp": 1699610755.7909915, "_runtime": 799.731737613678, "_step": 9, "_wandb": {"runtime": 797}}