{"Epoch": 14, "Train loss": 1.4565768241882324, "_timestamp": 1706064214.8254519, "_runtime": 3731.0650448799133, "_step": 27, "Val accuracy": 0.9927058823529412}