{"Epoch": 10, "Train loss": 4.981714725494385, "_timestamp": 1698208535.8752158, "_runtime": 2618.9455168247223, "_step": 19, "Val accuracy": 0.9845, "_wandb": {"runtime": 2619}}