{"Epoch": 3, "Train loss": 204.56996154785156, "_timestamp": 1698189285.0275471, "_runtime": 1425.3067781925201, "_step": 5, "Val accuracy": 0.978, "_wandb": {"runtime": 1425}}