{"Epoch": 4, "Train loss": 630.2883911132812, "_timestamp": 1702184144.3855119, "_runtime": 3559.456596851349, "_step": 8, "Val accuracy": 0.5, "Test accuracy": 0.5, "_wandb": {"runtime": 3561}}