{"Test accuracy": 0.02805, "_timestamp": 1700128817.818226, "_runtime": 716.0488920211792, "_step": 9, "_wandb": {"runtime": 714}}