{"Test accuracy": 0.4993, "_timestamp": 1700114181.8394954, "_runtime": 613.2209475040436, "_step": 9, "_wandb": {"runtime": 612}}