{"Epoch": 1, "Train loss": 31.269880294799805, "_timestamp": 1707712131.6224043, "_runtime": 143.8548183441162, "_step": 0, "_wandb": {"runtime": 161}}