{"Epoch": 1, "Train loss": 3205.36083984375, "_timestamp": 1699594618.000376, "_runtime": 6052.319588899612, "_step": 1, "Val accuracy": 0.645}