{"Test accuracy": 0.0483, "_timestamp": 1700111863.076354, "_runtime": 629.3316969871521, "_step": 9, "_wandb": {"runtime": 628}}