{"Test accuracy": 0.8955, "_timestamp": 1699633267.9904914, "_runtime": 699.0319693088531, "_step": 9, "_wandb": {"runtime": 698}}