{"Epoch": 2, "Train loss": 80.65727996826172, "_timestamp": 1698387079.0149443, "_runtime": 738.2303771972656, "_step": 3, "Val accuracy": 0.9935}