{"Test accuracy": 0.7812, "_timestamp": 1700133130.7864158, "_runtime": 774.5184009075165, "_step": 9, "_wandb": {"runtime": 774}}