{"Epoch": 15, "Train loss": 0.15293729305267334, "_timestamp": 1707725494.902714, "_runtime": 6286.577646017075, "_step": 30, "Val accuracy": 0.9987, "Test accuracy": 0.9956944444444444, "_wandb": {"runtime": 6286}}