{"Test accuracy": 0.90095, "_timestamp": 1698396173.3054113, "_runtime": 433.6696584224701, "_step": 9, "_wandb": {"runtime": 433}}