{"Test accuracy": 0.99475, "_timestamp": 1700138956.8723896, "_runtime": 788.5475594997406, "_step": 9, "_wandb": {"runtime": 788}}