{"Test accuracy": 0.46375, "_timestamp": 1698391186.8363047, "_runtime": 471.7375497817993, "_step": 9, "_wandb": {"runtime": 471}}