{"Test accuracy": 0.55215, "_timestamp": 1700108352.1922204, "_runtime": 1140.3996205329895, "_step": 9, "_wandb": {"runtime": 1139}}