{"Epoch": 1, "Train loss": 752.13525390625, "_timestamp": 1698214465.4977717, "_runtime": 251.11328864097595, "_step": 0, "_wandb": {"runtime": 250}}