{"Epoch": 1, "Train loss": 495.24237060546875, "_timestamp": 1702269372.0625696, "_runtime": 1064.5829665660858, "_step": 1, "Val accuracy": 0.9976770833333334, "_wandb": {"runtime": 1293}}