{"Test accuracy": 0.7806, "_timestamp": 1700125291.8329756, "_runtime": 650.5467467308044, "_step": 9, "_wandb": {"runtime": 650}}