{"Test accuracy": 0.99385, "_timestamp": 1698413244.977125, "_runtime": 455.7898659706116, "_step": 9, "_wandb": {"runtime": 455}}