{"Epoch": 3, "Train loss": 214.89120483398438, "_timestamp": 1698202428.9767888, "_runtime": 835.3694117069244, "_step": 5, "Val accuracy": 0.9795, "_wandb": {"runtime": 835}}