{"Test accuracy": 0.56325, "_timestamp": 1699613314.7913563, "_runtime": 865.2318053245544, "_step": 9, "_wandb": {"runtime": 864}}