{"Test accuracy": 0.5441, "_timestamp": 1700136148.4404736, "_runtime": 715.4482774734497, "_step": 9, "_wandb": {"runtime": 715}}