{"Epoch": 15, "Train loss": 12.67039966583252, "_timestamp": 1707719035.210775, "_runtime": 6202.2224769592285, "_step": 30, "Val accuracy": 0.5, "Test accuracy": 0.5, "_wandb": {"runtime": 6201}}