{"Epoch": 4, "Train loss": 654.3013305664062, "_timestamp": 1702197545.2880824, "_runtime": 4793.387382268906, "_step": 8, "Val accuracy": 0.5, "Test accuracy": 0.5, "_wandb": {"runtime": 4795}}