{"Test accuracy": 0.995, "_timestamp": 1699637959.6177323, "_runtime": 651.1443192958832, "_step": 9, "_wandb": {"runtime": 650}}