{"Test accuracy": 0.7277, "_timestamp": 1699617699.317115, "_runtime": 942.9335889816284, "_step": 9, "_wandb": {"runtime": 942}}