{"Epoch": 4, "Train loss": 594.3750610351562, "_timestamp": 1702187774.6499515, "_runtime": 3604.3113305568695, "_step": 8, "Val accuracy": 0.5, "Test accuracy": 0.5, "_wandb": {"runtime": 3606}}