{"Epoch": 9, "Train loss": 0.9937653541564941, "_timestamp": 1706078656.320414, "_runtime": 18247.23469400406, "_step": 17, "Val accuracy": 0.9989895833333333}