{"Epoch": 10, "Train loss": 0.5305907726287842, "_timestamp": 1706080568.3325212, "_runtime": 20159.246801137924, "_step": 18, "Val accuracy": 0.9989895833333333}