{"Epoch": 11, "Train loss": 0.25651997327804565, "_timestamp": 1706082750.722761, "_runtime": 22341.6370408535, "_step": 21, "Val accuracy": 0.9988541666666667}