{"Test accuracy": 0.85835, "_timestamp": 1698365482.2148147, "_runtime": 403.78455662727356, "_step": 9, "_wandb": {"runtime": 403}}