{"Test accuracy": 0.48305, "_timestamp": 1700121726.5751886, "_runtime": 627.5574436187744, "_step": 9, "_wandb": {"runtime": 626}}